,amount0,amount1,amountUSD,id,sqrtPriceX96,tick,timestamp,timestamp_1,liquidity,token0Price,token1Price,sqrtPrice,open,close,datetime
0,2367.735841487436501197,-850,850,0x7ebbdd21a89f4d71517baad55816fe35135c63848c861253e52e4131bafdc827#879,47702873494590944125949,-286472,1625179151,2021-07-01 22:39:11,5084424908787627316,2.758481567729891119396547702812151,0.362518282412507099797568225408853,47702873494590944125949,2.758481567729891119396547702812151,2.758481567729891119396547702812151,2021-07-02 04:09:11
1,5632.849979726193281754,-2020.256874,2020.256874,0xc9867b85a6e468de02a02c8aee29592e353dd3532277a990fd6363dd43b3592d#880,47671392797594257976192,-286485,1625205522,2021-07-02 05:58:42,5084424908787627316,2.762126000592501848710051642005363,0.362039964789980852269235488053468,47671392797594257976192,2.762126000592501848710051642005363,2.762126000592501848710051642005363,2021-07-02 11:28:42
2,130.262867070680157698,-46.688047,46.688047,0x5a6b075b62ad5bd00b1650a3ebaa144b6ba9e73624f06074f7d0aadf483bd273#881,47670665280069090348376,-286485,1625209587,2021-07-02 07:06:27,5084424908787627316,2.765846260817913407960017513945574,0.3615529952500978696830533258433955,47639321299937111619426,2.762210308642080140247807126776968,2.765846260817913407960017513945574,2021-07-02 12:36:27
3,2302.557752133162034949,-825.033998,825.033998,0x9127d95f1d041c8a13291a72b59a8898a3369660c37b0bef7a1fc145d629b1bd#882,47657809169709129219582,-286491,1625210579,2021-07-02 07:22:59,5084424908787627316,2.765846260817913407960017513945574,0.3615529952500978696830533258433955,47639321299937111619426,2.762210308642080140247807126776968,2.765846260817913407960017513945574,2021-07-02 12:52:59
4,3313.396892361111111111,-1186.449143,1186.449143,0x063a93759774156c0d31113169e20eadec903166aa363deacf0009d2c0637729#883,47639321299937111619426,-286499,1625212102,2021-07-02 07:48:22,5084424908787627316,2.765846260817913407960017513945574,0.3615529952500978696830533258433955,47639321299937111619426,2.762210308642080140247807126776968,2.765846260817913407960017513945574,2021-07-02 13:18:22
5,-214.036382388146719719,78.169146,78.169146,0x2e23df8e278f3e0f7293f1f56c4e37198010d4d846e744201e72154ce2cb8c04#884,47640527191634219827072,-286498,1625216566,2021-07-02 09:02:46,5084424908787627316,2.765706242685210056085451519998167,0.3615712994266177418711548296379611,47640527191634219827072,2.765706242685210056085451519998167,2.765706242685210056085451519998167,2021-07-02 14:32:46
6,405.145169356411808681,-145.017097,145.017097,0xcc98bc0ba150be90b0f279dbcb2950b4505d354a7452597fc92f53d14dd7b3d3#885,47638267459531685385009,-286499,1625252150,2021-07-02 18:55:50,5084424908787627316,2.76596863272352820109979948362099,0.3615369994327606623303873576492731,47638267459531685385009,2.76596863272352820109979948362099,2.76596863272352820109979948362099,2021-07-03 00:25:50
7,2926.016355752471685109,-1046.925898,1046.925898,0x2f9ce9be116ead6d6414871f96b98ef40106f951d96ebe97b5fba7b0d2d700b7#886,47621953713781600472008,-286506,1625295240,2021-07-03 06:54:00,5084424908787627316,2.767864020644550268365944116401189,0.36128942482049056885178023038288,47621953713781600472008,2.767864020644550268365944116401189,2.767864020644550268365944116401189,2021-07-03 12:24:00
8,122.613205765653200751,-43.855236,43.855236,0x5555c9505cab8cb8e00fd56ace19efbdd7ed0bd4bbb09c32ec844fecf740c0d7#887,47621270338594947574408,-286506,1625328623,2021-07-03 16:10:23,5084424908787627316,2.767943460069409138569794334284615,0.3612790558861068397501286890222248,47621270338594947574408,2.767943460069409138569794334284615,2.767943460069409138569794334284615,2021-07-03 21:40:23
9,342.237812891123810846,-122.402017,122.402017,0x559f7db09d9e9a95b370ef39b8d2f6ce6fad1a4b761f5e059d12cca97865bbeb#888,47619363006472394873004,-286507,1625333573,2021-07-03 17:32:53,5084424908787627316,2.768229989391479397113520031096291,0.3612416612175431975114946775479271,47618805723396800707569,2.768165197315394896423800385134295,2.768229989391479397113520031096291,2021-07-03 23:02:53
10,100,-35.763342,35.763342,0x752789dba5d672825099284c39a9801762b07de37043a88e5a44b8d01ae3e2dd#889,47618805723396800707569,-286507,1625334392,2021-07-03 17:46:32,5084424908787627316,2.768229989391479397113520031096291,0.3612416612175431975114946775479271,47618805723396800707569,2.768165197315394896423800385134295,2.768229989391479397113520031096291,2021-07-03 23:16:32
11,-52.352884479165224571,19.103192,19.103192,0x602db2cc93eb160baab8501e01bf642602e08ed5f3ab4be3f840e13a5628bb22#890,47619100422544266935884,-286507,1625356008,2021-07-03 23:46:48,5084424908787627316,2.768195726144745207079699264210211,0.3612461324736946558483179285233473,47619100422544266935884,2.768195726144745207079699264210211,2.768195726144745207079699264210211,2021-07-04 05:16:48
12,97549.455987375007950356,-34493.190494,34493.190494,0xe87172d07691e13bc8eacfe0bcd5219d9fb3cc471d9627e86472c159258870f4#891,47081609526092454639717,-286734,1625372863,2021-07-04 04:27:43,5084424908787627316,2.831760797557905654829808364775169,0.3531371720600109624220893815397677,47081609526092454639717,2.831760797557905654829808364775169,2.831760797557905654829808364775169,2021-07-04 09:57:43
13,-169.829497722659172401,60.5801,60.5801,0x5631b5e9bf3492a9f324c0ddd91cd052db8ffe70fdaa5e0ef2647d43d756431d#892,47082544076920344456078,-286734,1625428363,2021-07-04 19:52:43,5084424908787627316,2.831648382301469352318087472305254,0.3531511914580416075970209536899383,47082544076920344456078,2.831648382301469352318087472305254,2.831648382301469352318087472305254,2021-07-05 01:22:43
14,371.542989916649577132,-129.893156,129.893156,0xeec7ca19cd13f7fbff3002af6c9803f1109bbcced5bd0d013f6efdbbbfcb7b9f#893,47080520013959737676716,-286734,1625477600,2021-07-05 09:33:20,5084424908787627316,2.831891861252335327534458366433942,0.3531208284054230487811265704644485,47080520013959737676716,2.831891861252335327534458366433942,2.831891861252335327534458366433942,2021-07-05 15:03:20
15,214.036382388146719719,-74.823044,74.823044,0xaaf571c2f1f1ece3739ff2ecbd8626643a2130fb6de62baa1aabb2e4edb37adf#894,47079354082228274550595,-286735,1625492832,2021-07-05 13:47:12,5084424908787627316,2.832032127979877518982959296787179,0.3531033388075692463444429554210998,47079354082228274550595,2.832032127979877518982959296787179,2.832032127979877518982959296787179,2021-07-05 19:17:12
16,-624.290410096980192298,222.681933,222.681933,0x1da2537674665792f324ef878ab560931c32abe039778bfa0fadcb64832bbc53#895,47082789328855612254325,-286734,1625517150,2021-07-05 20:32:30,5084424908787627316,2.831618882543832483704044363040206,0.3531548705811825807706473431088936,47082789328855612254325,2.831618882543832483704044363040206,2.831618882543832483704044363040206,2021-07-06 02:02:30
17,1361.791983835053705884,-476.039225,476.0392249999999999999999999999999,0x939f27292f2c541bfa966d5f967dadca089bd11849e47573ad212fd3bd195154#896,47075371437199667990402,-286737,1625539190,2021-07-06 02:39:50,5084424908787627316,2.832511336340428300124150676714311,0.3530436002745141237058184263016488,47075371437199667990402,2.832511336340428300124150676714311,2.832511336340428300124150676714311,2021-07-06 08:09:50
18,-280.409433222519191198,100,100,0x88692ffcba06a05ac52adf78180f8ed2d7fd1ef9e1f084e0885be63c1273f0e7#897,47076914106868238719670,-286736,1625629972,2021-07-07 03:52:52,5084424908787627316,2.832325701499535661137202417401017,0.3530667392773944866906076465393408,47076914106868238719670,2.832325701499535661137202417401017,2.832325701499535661137202417401017,2021-07-07 09:22:52
19,10000,-3491.321367,3491.321367,0x61cfb27789f7895069d7685c1d16507b444436ea3bffac9decd7c1aed70da3e6#898,47022510515176339415116,-286759,1625680132,2021-07-07 17:48:52,5084424908787627316,2.838883319425112078525035172936488,0.3522511802994794970578328828180101,47022510515176339415116,2.838883319425112078525035172936488,2.838883319425112078525035172936488,2021-07-07 23:18:52
20,1500,-523.002343,523.002343,0xc558ac7befcb0bcb82cffed49ff608efd9fa89322887500616d55fc834f506f5#899,47014360819710261748991,-286763,1625714988,2021-07-08 03:29:48,5084424908787627316,2.839867616111034532782320668643276,0.3521290902177397521999876290038964,47014360819710261748991,2.839867616111034532782320668643276,2.839867616111034532782320668643276,2021-07-08 08:59:48
21,2459.822913996727924203,-857.269803,857.269803,0xe5c4899c29854951d63a45147437ff21cd03cbc3ff28ce82344a836acf90d899#900,47001002394224109440332,-286768,1625732031,2021-07-08 08:13:51,5084424908787627316,2.841482115761460320224036018390045,0.3519290142468554725059249925295019,47001002394224109440332,2.841482115761460320224036018390045,2.841482115761460320224036018390045,2021-07-08 13:43:51
22,16447.676321005798659041,-5719.639586,5719.639586,0xc07455d48808066203cddd7e8473eab7d039484fd0a668fc23e1d3869a0354b1#901,46910572610108945402234,-286807,1625789246,2021-07-09 00:07:26,5084424908787627316,2.852447758107657685838299911812653,0.3505760963220619968177316852951517,46910572610108945402234,2.852447758107657685838299911812653,2.852447758107657685838299911812653,2021-07-09 05:37:26
23,3294.231053188355801963,-1142.854039,1142.854039,0xa5de4a04ed8b457b468f23282309f1bb274fbf909db01bd0d5b9a634817f2233#902,46891049113015282948986,-286815,1625801819,2021-07-09 03:36:59,4637807720022812982,2.854823535575915854378096335228409,0.3502843477147758944093791997528064,46891049113015282948986,2.854823535575915854378096335228409,2.854823535575915854378096335228409,2021-07-09 09:06:59
24,934.901803325982266542,-324.168365,324.168365,0x80cb3f82da6429deb94448406c6e2a885c9fec22d876c62d6a74ddc925dc1166#903,46885511310359240037937,-286818,1625820434,2021-07-09 08:47:14,4637807720022812982,2.855497960683763737068401650811742,0.3502016158892807734284469359153555,46885511310359240037937,2.855497960683763737068401650811742,2.855497960683763737068401650811742,2021-07-09 14:17:14
25,1150,-398.646627,398.646627,0xbb7bea52ca9c1de1b309dfa715dfa4c447f9771d28b4bd4f6b50e574e2659cfc#904,46878701187619642887922,-286820,1625835762,2021-07-09 13:02:42,4637807720022812982,2.856327663879235980319919841930441,0.3500998896750801731431591365794886,46878701187619642887922,2.856327663879235980319919841930441,2.856327663879235980319919841930441,2021-07-09 18:32:42
26,-2335.726145423076700541,826.243655,826.243655,0xb7fac106af83c22bbca66283c411f56962c8a8030db691ff00f33e094a84f131#905,46892674847759438658580,-286814,1625889756,2021-07-10 04:02:36,4637807720022812982,2.85462558971882717502448404615523,0.3503086371822573303316664938202865,46892674847759438658580,2.85462558971882717502448404615523,2.85462558971882717502448404615523,2021-07-10 09:32:36
27,3230.61712476392528306,-1119.938834,1119.938834,0x61128b15690a1b5176143da4c4e84613ec9367453e927254e835484ea41ee76f#906,46873542813550546979316,-286823,1625897840,2021-07-10 06:17:20,4637807720022812982,2.856956368961000106969109369478765,0.3500228462934747931965401988789367,46873542813550546979316,2.856956368961000106969109369478765,2.856956368961000106969109369478765,2021-07-10 11:47:20
28,1031,-357.218307,357.218307,0x834d03396dd430596733847e25efecbca67892a3b89627700cc9b913b92369f3#907,46867440415218370118143,-286825,1625933300,2021-07-10 16:08:20,4637807720022812982,2.857700400239281871190488840612193,0.349931714295965974814702663457766,46867440415218370118143,2.857700400239281871190488840612193,2.857700400239281871190488840612193,2021-07-10 21:38:20
29,-76,26.863707,26.863707,0x1b7a11e5a0a9fbaaf4916c49a6edb33bf7b6a49c7a126e1f919c58272d21a91a#908,46867894741594998651510,-286825,1625980070,2021-07-11 05:07:50,4637807720022812982,2.857644996753264753200339524023856,0.3499384987065075115917391187102233,46867894741594998651510,2.857644996753264753200339524023856,2.857644996753264753200339524023856,2021-07-11 10:37:50
30,100,-34.643473,34.643473,0x09e1d618f2d6bf70d1da2ec34c3091f8515c113d7d421d23431285bc578f6129#909,46867302923445834705454,-286825,1626075692,2021-07-12 07:41:32,4637807720022812982,2.8577171671895958003442831033673,0.3499296611579807911160400835496622,46867302923445834705454,2.8577171671895958003442831033673,2.8577171671895958003442831033673,2021-07-12 13:11:32
31,495.661848981620104446,-171.701568,171.701568,0x707440b9b500372307be41f086c759d0e16b9e07c885541ba1b3c395882b05e8#910,46864369727292359281959,-286827,1626114499,2021-07-12 18:28:19,4637807720022812982,2.858074901962074561120769101322806,0.3498858617433356457444773813002433,46864369727292359281959,2.858074901962074561120769101322806,2.858074901962074561120769101322806,2021-07-12 23:58:19
32,1038.918657838576856783,-359.820719,359.820719,0x211e890c1c83900c4f2371f69ae646ecdbefb1245bcb4d27c78b321754a2d1ad#911,46858222871680097559822,-286829,1626224527,2021-07-14 01:02:07,4637807720022812982,2.858824794935817190153275240346289,0.3497940838387232356323991067815995,46858222871680097559822,2.858824794935817190153275240346289,2.858824794935817190153275240346289,2021-07-14 06:32:07
33,5703.2427,-1973.589905,1973.589905,0x6b5d9fafe5535539e389056076090950eaa1bf899f2aa6db0b698771b8aff4a4#912,46824507825426410436862,-286844,1626243320,2021-07-14 06:15:20,4637807720022812982,2.863329636007584502428467154168398,0.3492437571366481535889324686451817,46821347631133159025753,2.862943155805349082158694992500927,2.863329636007584502428467154168398,2021-07-14 11:45:20
34,535,-184.98944,184.98944,0xafd5bf3aeb7133e9506a19adeb57e435af8e2a12343c9a8ccb70727a08f3ecd3#913,46821347631133159025753,-286845,1626245596,2021-07-14 06:53:16,4637807720022812982,2.863329636007584502428467154168398,0.3492437571366481535889324686451817,46821347631133159025753,2.862943155805349082158694992500927,2.863329636007584502428467154168398,2021-07-14 12:23:16
35,-302.960121876983799799,106.879815,106.879815,0x6cc199f6beeec2f36538cdf529f7bf9c764deb5d101171ca3d1b6083bbdbe0a6#914,46823155211972540221087,-286844,1626259504,2021-07-14 10:45:04,4637807720022812982,2.863108565904085492289426692556585,0.3492707234048700511250867898369734,46823155211972540221087,2.863108565904085492289426692556585,2.863108565904085492289426692556585,2021-07-14 16:15:04
36,3601.355670423155259795,-1244.704115,1244.704115,0x1a80e67d4489d154c573a5e628533e65efada1dd9b4965be967b1e6a80da12c5#918,46801891799197062443876,-286853,1626278042,2021-07-14 15:54:02,4637807720022812982,2.865710738018941082287795266895163,0.3489535725756108890524125245459253,46801891799197062443876,2.863108565904085492289426692556585,2.865710738018941082287795266895163,2021-07-14 21:24:02
37,-56.752193991337230861,20.004065,20.004065,0x7415f3ba26f36bd67aef8c175bb2cf3686fa7dfe267ef91b4710efc5674634f3#919,46802230113445222062129,-286853,1626283273,2021-07-14 17:21:13,4637807720022812982,2.865558319514145543734217532038201,0.3489721333501073766667315819570155,46803136474530756281241,2.86566930805855984968376404935986,2.865558319514145543734217532038201,2021-07-14 22:51:13
38,-141.848067865071541464,50,50,0xcda8a33d1a46f154553b05db7ecbcd0d4cd136d8a7d9761461e4300f21dc7638#920,46803075727209571221852,-286853,1626285073,2021-07-14 17:51:13,4637807720022812982,2.865558319514145543734217532038201,0.3489721333501073766667315819570155,46803136474530756281241,2.86566930805855984968376404935986,2.865558319514145543734217532038201,2021-07-14 23:21:13
39,-10.189904223302344721,3.591908,3.591908,0x47dc45255831463fdf858dd59afd91a9faee1c79db8512124869ac30647df9d3#921,46803136474530756281241,-286853,1626285557,2021-07-14 17:59:17,4637807720022812982,2.865558319514145543734217532038201,0.3489721333501073766667315819570155,46803136474530756281241,2.86566930805855984968376404935986,2.865558319514145543734217532038201,2021-07-14 23:29:17
40,-283.680022877353359849,100,100,0xec15162953787140cb6b393e76883bff6c246c1cf711086de5a999c164ede9d6#923,46804827702059454600687,-286852,1626288240,2021-07-14 18:44:00,4637807720022812982,2.865351237305082117162902200710169,0.3489973539650654522421772653289064,46804827702059454600687,2.865558319514145543734217532038201,2.865351237305082117162902200710169,2021-07-15 00:14:00
41,-281.426156653738961244,99.212632,99.212632,0xc3127394f16d4af8180b02c953b7c0d785b297549b129078f0a5ec43b6c2d2a7#924,46806505613392168246431,-286851,1626291347,2021-07-14 19:35:47,4637807720022812982,2.865145807778754626108445035999297,0.3490223769013920935761562158641345,46806505613392168246431,2.865145807778754626108445035999297,2.865145807778754626108445035999297,2021-07-15 01:05:47
42,-566.550453050680552097,199.750418,199.750418,0x47f2130a13643eb1eb37213faa15610c1f10cce5d8fc3f27a5737ac42002f917#926,46809849655457420761982,-286850,1626299703,2021-07-14 21:55:03,4637807720022812982,2.864736456928838479659718215448669,0.3490722497636160435129972189409262,46809849655457420761982,2.864736456928838479659718215448669,2.864736456928838479659718215448669,2021-07-15 03:25:03
43,-1377.372087305854066732,485.743333,485.743333,0x9e7e87498ea1109a0e732607ea2bfdbab7d328b4a157ee1282a7b301c1dc01b6#927,46817981534024705242908,-286846,1626311309,2021-07-15 01:08:29,4685228123064918398,2.863741383450575996659598902069389,0.3491935430269478950793708664104653,46817981534024705242908,2.863741383450575996659598902069389,2.863741383450575996659598902069389,2021-07-15 06:38:29
44,8544.702401303669328549,-2950.769102,2950.769102,0x8c6304efae8583e9367f1920f302fb44a19d6ec0597836e57b43dafe9d1cfa1a#928,46768083427063385755205,-286868,1626375706,2021-07-15 19:01:46,4685228123064918398,2.869855446408072573789506113763007,0.3484496061470990453446042946404685,46768083427063385755205,2.869855446408072573789506113763007,2.869855446408072573789506113763007,2021-07-16 00:31:46
45,1484.282648781353222836,-511.93095,511.93095,0x4dff01ed44d496b31d28179d4661e3e0916711ef6349e959feb07f4723345c22#929,46759426570348445060012,-286871,1626382778,2021-07-15 20:59:38,4685228123064918398,2.87091817232103352735742818458349,0.348320620782979739507082999339852,46759426570348445060012,2.87091817232103352735742818458349,2.87091817232103352735742818458349,2021-07-16 02:29:38
46,4207.896138111427443442,-1450.278979,1450.278979,0xeaed4aa1979ae41ee94d8d9bc505ebe7cdb8861145c068e6f6025298e757e7e1#930,46734902057204631594926,-286882,1626431751,2021-07-16 10:35:51,4685228123064918398,2.873932037372548710905288929545439,0.3479553402780657636431071389770817,46734902057204631594926,2.873932037372548710905288929545439,2.873932037372548710905288929545439,2021-07-16 16:05:51
47,-56505.887515055458237858,20000,20000,0xd7fb6891f35f33c591a9677c85c1abdc2835740056d83b4b26a731cb9e480739#932,47056899741862847392885,-286745,1626477929,2021-07-16 23:25:29,4685228123064918398,2.834735518376124046004217803527681,0.3527665962194770089076063508834585,47056899741862847392885,2.834735518376124046004217803527681,2.834735518376124046004217803527681,2021-07-17 04:55:29
48,-247.718,88.271859,88.271859,0x7180faa46716540bfa7ab077e9c4081e3014e1e3675a7f458d6b16c02ef0e093#933,47058247792716795293790,-286744,1626516689,2021-07-17 10:11:29,5136068043637552115,2.834573110590826845927417327310969,0.3527868080959690197893176119719853,47058247792716795293790,2.834573110590826845927417327310969,2.834573110590826845927417327310969,2021-07-17 15:41:29
49,-65.576682643821284936,23.368449,23.368449,0xfe966a467e3e7effe8b96d41b1bbde41a9b2df80653be42279d8ec01e6feb5e7#934,47058604665878589117564,-286744,1626545450,2021-07-17 18:10:50,5136068043637552115,2.832888505260485836302363040415181,0.3529965962808159957590367752488929,47072237540825502074068,2.834530118273490663524972003311561,2.832888505260485836302363040415181,2021-07-17 23:40:50
50,-2504.343602927174233002,892.695697,892.695697,0x40c19325d06919e2dc7428bcfac102c24f81629b6a2b6d7a7b02cc7c477f375b#935,47072237540825502074068,-286738,1626547697,2021-07-17 18:48:17,5136068043637552115,2.832888505260485836302363040415181,0.3529965962808159957590367752488929,47072237540825502074068,2.834530118273490663524972003311561,2.832888505260485836302363040415181,2021-07-18 00:18:17
51,-6220.193683921007717874,2219.483079,2219.483079,0x55c427ca301188e348ad780fc92d2c73aa06ab574aa4ec5a55a35fe7823a5ab5#936,47106132557192912244297,-286724,1626570018,2021-07-18 01:00:18,5136068043637552115,2.828813186342832780108092212391536,0.3535051394796513262045054076570218,47106132557192912244297,2.828813186342832780108092212391536,2.828813186342832780108092212391536,2021-07-18 06:30:18
52,2884.034773084745755942,-1008.992407,1008.992407,0x1cd370cb4a90c53f8552e01d1ed2e8734df7e66c34301fecefc9830194bf3908#937,47090568002019448133551,-286730,1626648635,2021-07-18 22:50:35,5136068043637552115,2.830683475750492175611340412171361,0.3532715715362249923390467477324466,47090568002019448133551,2.830683475750492175611340412171361,2.830683475750492175611340412171361,2021-07-19 04:20:35
53,5706.546687554859144852,-1994.497145,1994.497145,0x1a2cfc463c30ccdf2b182e1a1dc0b3c5136b3e160ad4a5160ba2c57069df51de#938,47059801208702111883068,-286743,1626698412,2021-07-19 12:40:12,5136068043637552115,2.834385978542081697751447386649468,0.3528100998137057895468916810507694,47059801208702111883068,2.834385978542081697751447386649468,2.834385978542081697751447386649468,2021-07-19 18:10:12
54,4724.51812979472314148,-1649.296999,1649.296999,0x04e56b5f9cbb1d7976362cc347a82584182cea6c591e9dc2399983f34e684f55#939,47034359417513988924045,-286754,1626745222,2021-07-20 01:40:22,5136068043637552115,2.837453155833410123068480152469079,0.3524287257198021767252725028646148,47034359417513988924045,2.837453155833410123068480152469079,2.837453155833410123068480152469079,2021-07-20 07:10:22
55,4628.821498522514167757,-1614.161382,1614.161382,0x95ce34fb2733dbaf74a26455b2b8cef7e862166d0126de2f9cdbb2d7bb0e4d25#940,47009459622716134915400,-286765,1626748065,2021-07-20 02:27:45,5136068043637552115,2.840459815056464381736503958936898,0.3520556758801114719958122260817304,47009459622716134915400,2.840459815056464381736503958936898,2.840459815056464381736503958936898,2021-07-20 07:57:45
56,-10475.299119073550607406,3729.653373,3729.653372999999999999999999999999,0x9081f6827dcc0dd8de12c55449dc179bbed894c1db1332564f4f897249964edc#941,47066417327562615247899,-286740,1626803059,2021-07-20 17:44:19,5136068043637552115,2.8335891761692714601601036897974,0.3529093096522551531129467426017824,47066417327562615247899,2.8335891761692714601601036897974,2.8335891761692714601601036897974,2021-07-20 23:14:19
57,-3017.629553428041233735,1076.082218,1076.082218,0x7e7e56c13011fc063764cbcac80e192b8382a0b0722fb11db91a01bfc01820bf#942,47082850804669200689885,-286734,1626810238,2021-07-20 19:43:58,5136068043637552115,2.831611488090949676539155029731774,0.3531557928076468500597549725343852,47082850804669200689885,2.831611488090949676539155029731774,2.831611488090949676539155029731774,2021-07-21 01:13:58
58,34262.90805885693574957,-11932.218425,11932.218425,0xcbae7556166e03794cc0f9fdc210c04156c18fd3ea22bde4650839ffa645f429#943,46896250651078490837808,-286813,1626834191,2021-07-21 02:23:11,5136068043637552115,2.854190280270563038833787254711557,0.3503620648253363735261464863586717,46896250651078490837808,2.854190280270563038833787254711557,2.854190280270563038833787254711557,2021-07-21 07:53:11
59,-4015.916497330118911483,1421.957957,1421.957957,0xec2e703055734a0beb4f20898b5dd3088e101b8bafaae8337d1ee81da90cc134#944,46920034358033140112040,-286803,1626842277,2021-07-21 04:37:57,4689450854872737781,2.851297442650720036697140983712834,0.3507175312689741736114258525366128,46920034358033140112040,2.851297442650720036697140983712834,2.851297442650720036697140983712834,2021-07-21 10:07:57
60,-2614.980466787455360731,926.678001,926.678001,0x1b054ec8ae2d4229c8fb799b2478b26cfc724c7ac99c4c5c944e8b7b6bedad8e#945,46934653700577114462879,-286797,1626868014,2021-07-21 11:46:54,4689450854872737781,2.849521458435164097583076971988626,0.3509361184278139942735088167227529,46934653700577114462879,2.849521458435164097583076971988626,2.849521458435164097583076971988626,2021-07-21 17:16:54
61,-3867.305100240740533434,1371.497668,1371.497668,0xba7725e338a1b4301aeb49307602093d9a3978bf327aa3cb9b191ae16983a0a1#946,46955598638764774230326,-286788,1626883497,2021-07-21 16:04:57,5136068043637552115,2.846979919556788866095117283312274,0.3512494040195680925768268303858623,46955598638764774230326,2.846979919556788866095117283312274,2.846979919556788866095117283312274,2021-07-21 21:34:57
62,-3000,1064.76073,1064.76073,0x221e48e4434fe1a3315f170833d58f0873d442edb41f3aaf629d619a601582d3#947,46971859218845862447997,-286781,1626889959,2021-07-21 17:52:39,5136068043637552115,2.845009142463468792173326719041843,0.3514927193288766219068013882394212,46971859218845862447997,2.845009142463468792173326719041843,2.845009142463468792173326719041843,2021-07-21 23:22:39
63,-4288.824827867134791596,1523.472105,1523.472105,0xd64efd6783610659fe9f97f8afd1b1e543c770bc3b7c0d10aa25cf9d907c55b6#948,46995125046999841125096,-286771,1626913599,2021-07-22 00:26:39,5136068043637552115,2.842192888264270906219646519469955,0.3518410042221661695217702160099556,46995125046999841125096,2.842192888264270906219646519469955,2.842192888264270906219646519469955,2021-07-22 05:56:39
64,8699.030817708333333333,-3027.058268,3027.058268,0x111094ee807e8f8252e6fbb2bec3ce38988237af53acac354d403b33ca7969c4#949,46948430131275964051977,-286791,1626921245,2021-07-22 02:34:05,5136068043637552115,2.847849390800048470170663300169935,0.3511421647614129089425675725412051,46948430131275964051977,2.847849390800048470170663300169935,2.847849390800048470170663300169935,2021-07-22 08:04:05
65,10639.00852069049102819,-3693.806046,3693.806046,0xf1e8235edcb9f5531c8da75b69b68a0d613eedfa12127882bddc694b0361f575#951,46888219027199996014944,-286816,1626931344,2021-07-22 05:22:24,5136068043637552115,2.855168169669061928756662836425407,0.3502420665175419190672736875560798,46888219027199996014944,2.855168169669061928756662836425407,2.855168169669061928756662836425407,2021-07-22 10:52:24
66,7208.071898632823851947,-2497.075635,2497.075635,0xb15dfcebc3ab40df635b901613487b8ad318a648568dae9a24a290499b8e1030#952,46846033315225512133186,-286834,1626992474,2021-07-22 22:21:14,4689709026150607326,2.860312747598874485933251088950463,0.3496121187585037959146172729025132,46846033315225512133186,2.860312747598874485933251088950463,2.860312747598874485933251088950463,2021-07-23 03:51:14
67,-4084.827632494283790975,1443.273859,1443.273859,0x338570edde67c484dc44aec599433897e2ae112cefd72570677acde3692d33d4#953,46870172223595130878837,-286824,1627005523,2021-07-23 01:58:43,4689709026150607326,2.857367290202921073646545692356897,0.3499725091095947986108238576016348,46870172223595130878837,2.857367290202921073646545692356897,2.857367290202921073646545692356897,2021-07-23 07:28:43
68,-2820.717039309983758877,997.499799,997.499799,0x863c058168a14de9ce69dbc95373d48f8c323b8954b9f53afce56ad24dc6afca#954,46886855513535768215929,-286817,1627091529,2021-07-24 01:52:09,4689709026150607326,2.855334234011714002411890982621252,0.3502216966715699392971634429017244,46886855513535768215929,2.855334234011714002411890982621252,2.855334234011714002411890982621252,2021-07-24 07:22:09
69,-3203.607198595361147216,1133.764147,1133.764147,0xa3211154416c840ac80b36bf17c58348e814284b95d3c8cff55a89d08720ebb6#955,46905817839141169617635,-286809,1627147159,2021-07-24 17:19:19,4689709026150607326,2.853026083945648475088396371285604,0.3505050324030092123757444736701894,46905817839141169617635,2.853026083945648475088396371285604,2.853026083945648475088396371285604,2021-07-24 22:49:19
70,6380.765466653984202545,-2212.361231,2212.361231,0x5acceb918a4cf370a396acd4fc1c0211ebc5e3b8a3002ff7eb744eb13b098018#956,46868442105543634311235,-286825,1627179555,2021-07-25 02:19:15,4689709026150607326,2.857578249806057591280506646865513,0.3499466725251948920709023603713878,46868442105543634311235,2.857578249806057591280506646865513,2.857578249806057591280506646865513,2021-07-25 07:49:15
71,788.830028072340393116,-273.26104,273.2610399999999999999999999999999,0x65170dd823572e32998d4b0635a71dd74d164a31e176850e390cd8cd421b52d6#957,46863825620809012690265,-286827,1627245103,2021-07-25 20:31:43,4689709026150607326,2.858141268977190186564235951147977,0.3498777372742874893608184930968112,46863825620809012690265,2.858141268977190186564235951147977,2.858141268977190186564235951147977,2021-07-26 02:01:43
72,-4926.013308749273612669,1741.993823,1741.993823,0x6886e6099a11a2b54b1e18caeb3e73972c26b8a93323ffa5bbffea6d13d74a50#958,46892960652254995647269,-286814,1627262745,2021-07-26 01:25:45,4689709026150607326,2.854590792925063340513270191632639,0.3503129073625689645573081458930532,46892960652254995647269,2.854590792925063340513270191632639,2.854590792925063340513270191632639,2021-07-26 06:55:45
73,4955.815837819057596807,-1717.661811,1717.661811,0x71c5d385ebece3fc9da96e2c8a47de60d149543a916e236f6a138c5aabc1ccb0#959,46863942393676776759507,-286827,1627330811,2021-07-26 20:20:11,4689709026150607326,2.858127025491918035783305843505824,0.3498794808911223856466478725533161,46863942393676776759507,2.858127025491918035783305843505824,2.858127025491918035783305843505824,2021-07-27 01:50:11
74,5111.942848326278995042,-1769.548742,1769.548742,0x71e6435edc8aae8e0e2fb135d8673fda5dcfcad8fa16fc212d30a2b25bdb14d2#960,46834047554872048615379,-286839,1627335686,2021-07-26 21:41:26,4689709026150607326,2.86177695630049545524161876671159,0.3494332420975008014703423704889439,46834047554872048615379,2.86177695630049545524161876671159,2.86177695630049545524161876671159,2021-07-27 03:11:26
75,2238.677031549931516779,-774.229203,774.229203,0x62aad51967b97e7f02e1171c4ca2f872abb605df81ab4eb5d953aad162fd49c4#961,46820967690682127394685,-286845,1627357673,2021-07-27 03:47:53,4689709026150607326,2.863376106604883604230827615328581,0.3492380891540315192871915053211081,46820967690682127394685,2.863376106604883604230827615328581,2.863376106604883604230827615328581,2021-07-27 09:17:53
76,331,-114.437103,114.437103,0xa63a21e20aa742f0d3a497ea67decc4a887421442e449eade0f3ce632a6bff86#962,46819034384922625972407,-286846,1627372150,2021-07-27 07:49:10,4689709026150607326,2.863612587168235407052875250962259,0.3492092486535961157605197831848017,46819034384922625972407,2.863612587168235407052875250962259,2.863612587168235407052875250962259,2021-07-27 13:19:10
77,-3153.041085603940721057,1112.635097,1112.635097,0x57f3646246054b4674b191532b5f785969a5456dfdcd9b65173db38cc36c9d93#963,46837643324934114197928,-286838,1627382496,2021-07-27 10:41:36,4689709026150607326,2.861337570534022090856471181828032,0.3494869009158420530038941381125339,46837643324934114197928,2.861337570534022090856471181828032,2.861337570534022090856471181828032,2021-07-27 16:11:36
78,2751.425531312546079346,-951.644543,951.644543,0x57d17c897d7141bd3e814fa365900a5cd42998adab720a584258d4e69efb0d2c#964,46821566197726384909458,-286845,1627386181,2021-07-27 11:43:01,4689709026150607326,2.863302903593701742997209721173105,0.3492470177517406152066525362744366,46821566197726384909458,2.863302903593701742997209721173105,2.863302903593701742997209721173105,2021-07-27 17:13:01
79,1321.650810467560769818,-456.891445,456.891445,0x9fb80ee6ec8b290ba2cf6a1f9188bc91e2fe36283ea17717ee0296ee9464c599#965,46813847452394001346196,-286848,1627434794,2021-07-28 01:13:14,4689709026150607326,2.864247193762477736820246670969705,0.3491318773664919207599249056355496,46813847452394001346196,2.864247193762477736820246670969705,2.864247193762477736820246670969705,2021-07-28 06:43:14
80,3153.041085603940721057,-1089.390434,1089.390434,0x3b34800edcccfd087ad65c07727ad7b411be6f758add37b28b77346f776caa46#966,46795443239693026008230,-286856,1627553010,2021-07-29 10:03:30,4689709026150607326,2.866500600373772375847712448869103,0.34885741864823148259580006804532,46795443239693026008230,2.866500600373772375847712448869103,2.866500600373772375847712448869103,2021-07-29 15:33:30
81,-27150.358711599547289761,9600,9600,0x12cb54b3c1cf8e9ea1636e0b3453c946f997a6284397cc294a9100f6c448cdb8#967,46953344060313469004952,-286789,1627584054,2021-07-29 18:40:54,4689709026150607326,2.847253335383160841204292506015643,0.3512156742685588624670541289051902,46953344060313469004952,2.847253335383160841204292506015643,2.847253335383160841204292506015643,2021-07-30 00:10:54
82,-4026.998609436449015292,1429.361099,1429.361099,0x9125519a75aeee8fcd442d54903ae35337071039c0a42ec71706529a1162ca95#984,46977328116150791267365,-286778,1627608902,2021-07-30 01:35:02,4674488654810972719,2.844346773708317050263291256285312,0.3515745721455228961670295398617163,46977328116150791267365,2.844346773708317050263291256285312,2.844346773708317050263291256285312,2021-07-30 07:05:02
83,5303.96417370116784097,-1844.862764,1844.862764,0xb48084ccf039ba57a19884bd38e171a741e6e0466cb6b9c2d46c16e5a19ca281#985,46946059436785550696677,-286792,1627640660,2021-07-30 10:24:20,4674488654810972719,2.848137020961463551278739190015316,0.3511067033082641867277388463893242,46946059436785550696677,2.848137020961463551278739190015316,2.848137020961463551278739190015316,2021-07-30 15:54:20
84,-4209.077872824441864619,1493.559971,1493.559971,0x688c01db3b98d0c6cb7c25c895547918d4aac7ab5b45f943ada01927afb20157#986,46971120721690493342483,-286781,1627698271,2021-07-31 02:24:31,4674488654810972719,2.845098603717235669245029966098179,0.3514816669951121589810861012099772,46971120721690493342483,2.845098603717235669245029966098179,2.845098603717235669245029966098179,2021-07-31 07:54:31
85,-4403.818579594125004134,1564.370209,1564.370209,0x98701b1382a5c12f5e8a5591186da061845b5200179aca79b7b896358896245c#987,46997370171495282449377,-286770,1627774330,2021-07-31 23:32:10,4674488654810972719,2.841921344370013662006383734077226,0.3518746224208665440076801755497055,46997370171495282449377,2.841921344370013662006383734077226,2.841921344370013662006383734077226,2021-08-01 05:02:10
86,-4389.254830596722223775,1560.9375,1560.9375,0xdf9b39963523d7ed6130de20b616d39b8502ab578a593636019e8715533acfef#988,47023562021955622130925,-286759,1627793634,2021-08-01 04:53:54,4674488654810972719,2.838756358746157236237181349632445,0.3522669343985854941804790766834309,47023562021955622130925,2.838756358746157236237181349632445,2.838756358746157236237181349632445,2021-08-01 10:23:54
87,-3206.914320576245921965,1141.565712,1141.565712,0x09f857435e425ded1bbe0701a4d2e0942306327f121873e70ef5e78429d7551e#989,47042716996703857439177,-286751,1627929288,2021-08-02 18:34:48,4674488654810972719,2.836445045144534281148543394238925,0.3525539836253178187031151701009239,47042716996703857439177,2.836445045144534281148543394238925,2.836445045144534281148543394238925,2021-08-03 00:04:48
88,17141.880087673611111111,-5970.134385,5970.134385,0x90e2937732e6a85e67b59510cb96644c970483561b8973def3f91c31f4696075#990,46941528864218735992643,-286794,1627951308,2021-08-03 00:41:48,4674488654810972719,2.848686824705283379642017083118798,0.3510389388287556002810746149962305,46941528864218735992643,2.848686824705283379642017083118798,2.848686824705283379642017083118798,2021-08-03 06:11:48
89,6017.212630008629708677,-2089.525987,2089.525987,0x0543a4e9b810ae7cfeea18a36e7814f04fa2ad7d836fce589f1f4a15bdd203c3#991,46904074882299481086271,-286810,1627967930,2021-08-03 05:18:50,4674488654810972719,2.853238124956493420077346899545427,0.3504789842997237189733843932728184,46904074882299481086271,2.853238124956493420077346899545427,2.853238124956493420077346899545427,2021-08-03 10:48:50
90,-5411.449726320619159836,1917.1875,1917.1875,0xdc60aba3914733371db69d58731251a0f7735180d4ecbff37078a0812217e1f1#992,46938282944640197973772,-286795,1628088271,2021-08-04 14:44:31,4227871466046158385,2.849080828382978552731281617211955,0.3509903931253361434006586165468366,46938282944640197973772,2.849080828382978552731281617211955,2.849080828382978552731281617211955,2021-08-04 20:14:31
91,-5229.373696347745707569,1855.229521,1855.229521,0x90fde15e3f6e625a0d79e47f2304d2ae35c749f7166e52220822e26f175233c1#993,46969412886846557324711,-286782,1628102724,2021-08-04 18:45:24,4674488654810972719,2.845305506319098292982538248818013,0.3514561082383295243245007275257411,46969412886846557324711,2.845305506319098292982538248818013,2.845305506319098292982538248818013,2021-08-05 00:15:24
92,-4201.032548492207714785,1492.1875,1492.1875,0x24ba90d49109e79ef7fc7fc2b1e55f7c6582bcb019c6a4fb5ca1ef252e5ea90e#994,46994451142291626790055,-286771,1628110690,2021-08-04 20:58:10,4674488654810972719,2.842274403458331793359075230816908,0.3518309135751467084587262500050542,46994451142291626790055,2.842274403458331793359075230816908,2.842274403458331793359075230816908,2021-08-05 02:28:10
93,-5524.765317430095483711,1964.794816,1964.794816,0x0deb227289d5ddba98e690625961cc079789f163dd6a8049db8d99f3d8c4e98a#995,47027419542361263935447,-286757,1628196873,2021-08-05 20:54:33,4674488654810972719,2.838290668237684183242594108924966,0.352324732343536699306359027143778,47027419542361263935447,2.838290668237684183242594108924966,2.838290668237684183242594108924966,2021-08-06 02:24:33
94,-11222.879182238926318453,3999.738267,3999.738267,0x30830d0030b977e9bd10805821f6a5dfd80ccb2b52709bd185191803bff23fdd#996,47094533406023986865281,-286729,1628242942,2021-08-06 09:42:22,4674488654810972719,2.830206803397714290548661943107374,0.3533310706480819606412340785330867,47094533406023986865281,2.830206803397714290548661943107374,2.830206803397714290548661943107374,2021-08-06 15:12:22
95,-6662.151812874696799183,2379.738505,2379.738505,0x58cf698e401d0f4fb4e1a050028fa429b7f94fedad7abc3c66a5c52013576ccc#997,47134464380219006666960,-286712,1628276279,2021-08-06 18:57:59,4674488654810972719,2.825413493633447760605665178093325,0.353930496280745099323028648338204,47134464380219006666960,2.825413493633447760605665178093325,2.825413493633447760605665178093325,2021-08-07 00:27:59
96,-8381.357270857202302341,2999.581387,2999.581387,0xe643feb01592a598a5b7c0c46f5cfd83bcb2bb398a50f5e9fce6429805c473ec#998,47184796047648665417916,-286690,1628294606,2021-08-07 00:03:26,4674488654810972719,2.819389013790908533374490888216704,0.3546867761449544962356947647625771,47184796047648665417916,2.819389013790908533374490888216704,2.819389013790908533374490888216704,2021-08-07 05:33:26
97,-7252.793487938050023738,2600.857798,2600.857798,0x32fe52494644d75046b11f4057ec5a02bc0f05cbfc8b7fb4071236895ce640eb#999,47228437307156682377078,-286672,1628331273,2021-08-07 10:14:33,4674488654810972719,2.814180929572445633461966006399913,0.3553431797833725382169690749189209,47228437307156682377078,2.814180929572445633461966006399913,2.814180929572445633461966006399913,2021-08-07 15:44:33
98,13149.512864583333333333,-4618.197139,4618.197139,0x1aae7f554da2ecde26d0d7878389fc60512eac997d8059987d5373d857d34656#1000,47150163232605976632789,-286705,1628352665,2021-08-07 16:11:05,4674488654810972719,2.823532339376150028573387146349647,0.3541662994449522174727429021194611,47150163232605976632789,2.823532339376150028573387146349647,2.823532339376150028573387146349647,2021-08-07 21:41:05
99,-5703.157062015584138226,2041.751195,2041.751195,0x8fe10698e2be30b69b25d1a748e747909f287f97db90aa5dea6372d9957006b5#1001,47184422927164751102732,-286690,1628407053,2021-08-08 07:17:33,4674488654810972719,2.819433603758836439822314927563377,0.354681166694903368573214281309672,47184422927164751102732,2.819433603758836439822314927563377,2.819433603758836439822314927563377,2021-08-08 12:47:33
100,1112.601916152263374485,-390.617939,390.617939,0xc5ec42e7a22016885e1bc414970a50fb837ac70908a6136945af3a7bd240203f#1002,47177802322455443103605,-286693,1628456944,2021-08-08 21:09:04,4674488654810972719,2.820224978694883340478513010736364,0.3545816406685293619365641104045685,47177802322455443103605,2.820224978694883340478513010736364,2.820224978694883340478513010736364,2021-08-09 02:39:04
101,6269.794813084833339252,-2199.183692,2199.183692,0x860828e05aa8f9d2eac885f34fe8c2d3a8195c804d9ad4a9a41f18928d330183#1003,47140528238411373243982,-286709,1628471564,2021-08-09 01:12:44,4674488654810972719,2.824686653885730627145255303370497,0.3540215685957122175791201990240778,47140528238411373243982,2.824686653885730627145255303370497,2.824686653885730627145255303370497,2021-08-09 06:42:44
102,-6494.94909156523110575,2324.499546,2324.499546,0x04ddecd86ca27dbb0408e58d228964c2527187b2ea3c0b46ba02728a2233c45a#1004,47179532326973325927467,-286692,1628506972,2021-08-09 11:02:52,4674488654810972719,2.820018155428054888904880260405342,0.3546076460802815162912608970095881,47179532326973325927467,2.820018155428054888904880260405342,2.820018155428054888904880260405342,2021-08-09 16:32:52
103,-13946.462995485215061162,5004.368241,5004.368241,0x8d7d640ddfac4281a80f161f67751fc44307eb82293edbfbf10866f2c23ae1ce#1005,47263503443434514058186,-286657,1628543499,2021-08-09 21:11:39,4674488654810972719,2.810006637057408395337754593467818,0.3558710455741781275822721481801691,47263503443434514058186,2.810006637057408395337754593467818,2.810006637057408395337754593467818,2021-08-10 02:41:39
104,5299.434568358426839188,-1865.806934,1865.806934,0x759e1dd3ddda2fcd1f5e6505b74981f69b46bda976dbf60b4447249092822edc#1006,47231879780205438790813,-286670,1628795378,2021-08-12 19:09:38,4674488654810972719,2.813770724049979523375066254812921,0.3553949834834650614964628768398537,47231879780205438790813,2.813770724049979523375066254812921,2.813770724049979523375066254812921,2021-08-13 00:39:38
105,-5850.10015991567585746,2101.665231,2101.665231,0xbf45c998e4da5ac1049134cc5755407c94713600d87d1f5cd872966d160379b5#1007,47267144806146446888242,-286655,1628850321,2021-08-13 10:25:21,4674488654810972719,2.809573699578546572053282273946254,0.3559258830441095684743569860567103,47267144806146446888242,2.809573699578546572053282273946254,2.809573699578546572053282273946254,2021-08-13 15:55:21
106,-1106.312428217857120209,397.798823,397.798823,0x947316259b1be5577c705648b7df0293029c00b3e3fe48fbe29343b6d66922bd#1008,47273819696886751156832,-286653,1628904557,2021-08-14 01:29:17,4674488654810972719,2.808780352494599885045607241239526,0.3560264152061077134613406363711488,47273819696886751156832,2.808780352494599885045607241239526,2.808780352494599885045607241239526,2021-08-14 06:59:17
107,13946.462995485215061162,-4907.007986,4907.007986,0x2029e165642366e9ca17fc6c41696530568d9073deb13d794f20f320cc2ac057#1009,47190650551573141871365,-286688,1628994002,2021-08-15 02:20:02,4674488654810972719,2.818689506580369538765065345456753,0.3547747978858440161182916144583253,47190650551573141871365,2.818689506580369538765065345456753,2.818689506580369538765065345456753,2021-08-15 07:50:02
108,-5935.111116323694618922,2128.50652,2128.50652,0xbf22ef8e974e43033f7470f7560cee1408dcb4695bdc096db7ddffaa6b35ca0b#1010,47226365962635104878791,-286673,1628998329,2021-08-15 03:32:09,4674488654810972719,2.814427794473656605462226142820229,0.3553120111887667489757501403902698,47226365962635104878791,2.814427794473656605462226142820229,2.814427794473656605462226142820229,2021-08-15 09:02:09
109,3929.655210924131064918,-1381.605758,1381.605758,0x81991dc417c39463dc86e8a554ba8899b9c00a7414a1014f97f400c2de0701a1#1011,47202949051471420955531,-286683,1629018548,2021-08-15 09:09:08,4674488654810972719,2.817220906108472493744600758851889,0.354959739874050413509506646393904,47202949051471420955531,2.817220906108472493744600758851889,2.817220906108472493744600758851889,2021-08-15 14:39:08
110,69725.733235966435185185,-24286.249681,24286.249681,0x90b1691f9dabdfe0acd4b77a764bb6d76c4c86dfca8e410d82879d920dc8f5ca#1012,46777155240341016464127,-286864,1629073308,2021-08-16 00:21:48,4674488654810972719,2.862997569187171301300101989086987,0.3492842644235664769103379371211782,46824062856147259957553,2.868742413002888184030482719515885,2.862997569187171301300101989086987,2021-08-16 05:51:48
111,-7173.676995495289444705,2528.426636,2528.426636,0x1083d6c1c05d8baf576e5bbd50fce7b8e7193fd489eb916d0fec012cee84e942#1013,46824062856147259957553,-286844,1629073366,2021-08-16 00:22:46,4674488654810972719,2.862997569187171301300101989086987,0.3492842644235664769103379371211782,46824062856147259957553,2.868742413002888184030482719515885,2.862997569187171301300101989086987,2021-08-16 05:52:46
112,4811,-1662.495654,1662.495654,0x7f5e5797e2b89a9f08df8e4be9fca0fbbe5772b648e99cc43bc4cb9d348a3e11#1014,46792908532521305275071,-286857,1629106643,2021-08-16 09:37:23,4227871466046158385,2.866811157534885596555562544359994,0.3488196274706424290192883228306883,46792908532521305275071,2.866811157534885596555562544359994,2.866811157534885596555562544359994,2021-08-16 15:07:23
113,4876.335947221854920632,-1682.817206,1682.817206,0xa17b431e73f96554ca434d59caef89008a176ab8cff068afd5edcb0325da2f93#1015,46761373393349748744965,-286871,1629158132,2021-08-16 23:55:32,4227871466046158385,2.870679126596761466764200238611534,0.348349625959595446010008468495612,46761373393349748744965,2.870679126596761466764200238611534,2.870679126596761466764200238611534,2021-08-17 05:25:32
114,6455.237362959468228878,-2224.208419,2224.208419,0x9b0701eee4bc76dba1d4705b67d569c78830bf72259838d6efb154260f922d37#1016,46719692858002035068498,-286888,1629235404,2021-08-17 21:23:24,4227871466046158385,2.87580351027486282355643717394413,0.3477289030447084515440169456110591,46719692858002035068498,2.87580351027486282355643717394413,2.87580351027486282355643717394413,2021-08-18 02:53:24
115,5935.111116323694618922,-2041.49852,2041.49852,0x8c162e5070e1c19527646fc381f9a549c86a63c81e179518ed565be9974da288#1017,46681436213296196703230,-286905,1629253138,2021-08-18 02:18:58,4227871466046158385,2.880519032486956277095984976246724,0.3471596572429619085922599358422889,46681436213296196703230,2.880519032486956277095984976246724,2.880519032486956277095984976246724,2021-08-18 07:48:58
116,25000,-8562.667187,8562.667187,0x561420aa0ac0228e148244f0632c9f9e93c8274da62af913c5d4d7077da25d3b#1018,46520976182070609285614,-286974,1629264918,2021-08-18 05:35:18,4227871466046158385,2.900424259570246219544736103370366,0.3447771465503358057502199212738122,46520976182070609285614,2.900424259570246219544736103370366,2.900424259570246219544736103370366,2021-08-18 11:05:18
117,10000,-3408.607131,3408.607131,0xdbdca8e47326a41cb2e4bb5a0ee3b669709d100374737dc93a6184ade5c7b04a#1019,46457100530222688995897,-287001,1629310389,2021-08-18 18:13:09,4227871466046158385,2.908405552122136259224655896158047,0.3438310036474602931885202860758292,46457100530222688995897,2.908405552122136259224655896158047,2.908405552122136259224655896158047,2021-08-18 23:43:09
118,2000,-680.598476,680.598476,0x96ad5b1567f01d7a60facb0d2f2b689c6a196eb5404c0044cfcd2a46f916ddf9#1020,46444345681808159114523,-287007,1629345961,2021-08-19 04:06:01,4227613294768288840,2.910003221987452792739370869003762,0.3436422311989837894063880469086043,46444345681808159114523,2.910003221987452792739370869003762,2.910003221987452792739370869003762,2021-08-19 09:36:01
119,-4559.444693930353931144,1583.645391,1583.645391,0xdf27844ca16d0d787c95753a7c60d9093aba11fc4537b13de9ebeb444e5752db#1021,46473726489875765207957,-286994,1629411797,2021-08-19 22:23:17,4227613294768288840,2.906324962183792159294632954633476,0.3440771465722838595182337471806236,46473726489875765207957,2.906324962183792159294632954633476,2.906324962183792159294632954633476,2021-08-20 03:53:17
120,-5551.462878653551428136,1930.912988,1930.912988,0x57e155aac9693e295897f7744a80bd157b25b97a69f960563ece844cbbb4ae6c#1022,46509548974627449279076,-286979,1629470515,2021-08-20 14:41:55,4227871466046158385,2.901849679599486458924861668585551,0.3446077882773101071055537980711377,46509548974627449279076,2.901849679599486458924861668585551,2.901849679599486458924861668585551,2021-08-20 20:11:55
121,264.056984407150205762,-90.082862,90.082862,0xeb990555cfbfd2641af77e35fc7227953ce35c19c282c912568bdf807553ba95#1023,46507860867564195419121,-286979,1629660562,2021-08-22 19:29:22,4227871466046158385,2.902060341700588643732352206622017,0.3445827730149837096029905017197841,46507860867564195419121,2.902060341700588643732352206622017,2.902060341700588643732352206622017,2021-08-23 00:59:22
122,-5432.064805408439937794,1892.13004,1892.13004,0x7acdeaf4648f0e08892a29eaedae95e5647ba43e08857be768af56eee2d61653#1024,46542963847299628055493,-286964,1629762587,2021-08-23 23:49:47,4227871466046158385,2.897684490181708635870822000376915,0.3451031343779224839683780512235723,46542963847299628055493,2.897684490181708635870822000376915,2.897684490181708635870822000376915,2021-08-24 05:19:47
123,-9557.159765118398270361,3335.950975,3335.950975,0x3168a314c01c2733d8c89f7d418ade4a037fec5aaa8ffa59b1cfdddbc8f3ffa6#1025,46604852732855541417567,-286938,1629794739,2021-08-24 08:45:39,4227871466046158385,2.889993643424965314526884143859324,0.3460215223224118541540975229115194,46604852732855541417567,2.889993643424965314526884143859324,2.889993643424965314526884143859324,2021-08-24 14:15:39
124,-30483.860542181449333103,10700,10700,0x8ddf48835bfb1f0eebba205864aedc62c2e01e00dd9d320466c0fe124ea317d8#1026,46803360169104181466800,-286853,1629799516,2021-08-24 10:05:16,4227871466046158385,2.865530927963122125570401185869007,0.3489754691675306439166691582442679,46803360169104181466800,2.865530927963122125570401185869007,2.865530927963122125570401185869007,2021-08-24 15:35:16
125,-42330.820744213308059644,15007.731871,15007.731871,0xf04c5e31f5b31e1682193d237856ebe516b95c6c601e7325cfb02548854918aa#1027,47066844496774418576479,-286740,1629804514,2021-08-24 11:28:34,4227871466046158385,2.833537742232064639624732816719281,0.3529157156072568528503818473532715,47066844496774418576479,2.833537742232064639624732816719281,2.833537742232064639624732816719281,2021-08-24 16:58:34
126,7098.617714794044782819,-2477.948504,2477.948504,0xcd3ae290cd364b2523a22b770af6ce65fb1d235f466b1a1b927e469d6ce0cb83#1028,47024845612757876112719,-286758,1629830190,2021-08-24 18:36:30,4674488654810972719,2.8386013873996777676443259263109,0.3522861661517250049665041104570903,47024845612757876112719,2.8386013873996777676443259263109,2.8386013873996777676443259263109,2021-08-25 00:06:30
127,-25210.975574471196568094,9000,9000,0xad765f8590d5e9560bbc972a9301a5095dc5cf29e8d7ff19cb3b2bab16a82ca4#1029,47175861687484158961286,-286694,1629898236,2021-08-25 13:30:36,4674488654810972719,2.787232709996594783046590661001602,0.3587787974837672307755442279055886,47456200988967731137027,2.820457010059844136709941066815231,2.787232709996594783046590661001602,2021-08-25 19:00:36
128,-46365.756505046467785753,16703.8041,16703.8041,0xccd0436c3604770d184a8f588c577c5b2ea0061c37940dd5464b9289eca8e186#1030,47456200988967731137027,-286576,1629899038,2021-08-25 13:43:58,4674488654810972719,2.787232709996594783046590661001602,0.3587787974837672307755442279055886,47456200988967731137027,2.820457010059844136709941066815231,2.787232709996594783046590661001602,2021-08-25 19:13:58
129,5504.964900256757616021,-1953.948204,1953.948204,0xeac458a33dfeb65abd0437a80c2212454be958c2a908dadebd03dde92e0d6c4e#1031,47423051638025801916142,-286590,1629900002,2021-08-25 14:00:02,4670007751725283791,2.791130698199640570855720356512984,0.3582777405031690950077643692026877,47423051638025801916142,2.791130698199640570855720356512984,2.791130698199640570855720356512984,2021-08-25 19:30:02
130,-68474.202782474311711621,25000,25000,0x119ff4dd829880c278328f46278e338a23f689f1612a3d38b1ac506b574641bc#1032,47842943237028739370732,-286413,1629932120,2021-08-25 22:55:20,4670007751725283791,2.7423532037662773905039120258493,0.3646503297338306778585913417389212,47842943237028739370732,2.7423532037662773905039120258493,2.7423532037662773905039120258493,2021-08-26 04:25:20
131,-31087.930823999984113135,11496.947832,11496.947832,0x06397a3c75c43df4d85ffa3bcc330cdb63a4103dbc0c1d92abc6176ae068d884#1033,48036042109370476360290,-286333,1630085669,2021-08-27 17:34:29,4670007751725283791,2.717275188119127707907026614005908,0.3680157255961221142744239075376704,48063209940546071704723,2.720349685778832530392316840566,2.717275188119127707907026614005908,2021-08-27 23:04:29
132,-4353.837002046857365906,1617.550294,1617.550294,0x86caa1ece41dbff471f082e35f0e0ff79177a3696e9c25f0e836eb5d09782a01#1034,48063209940546071704723,-286321,1630086969,2021-08-27 17:56:09,4670007751725283791,2.717275188119127707907026614005908,0.3680157255961221142744239075376704,48063209940546071704723,2.720349685778832530392316840566,2.717275188119127707907026614005908,2021-08-27 23:26:09
133,-8691.121404036234224559,3234.42877,3234.42877,0xd5863a7620fbf335bb4061120b914cfefb9d35f86d45857ce3380f2c7ad60db9#1035,48117534319264838278289,-286299,1630087631,2021-08-27 18:07:11,4670007751725283791,2.679240457790004575549326230036885,0.373240108812353084835383502344686,48403162445670171280820,2.711143080116835354764885580956064,2.679240457790004575549326230036885,2021-08-27 23:37:11
134,-45375.461394215013116713,17006.063416,17006.063416,0x69ff85fb14d112deaec6b1b98e933b738b48d534744fa88cfcf0843e00987140#1036,48403162445670171280820,-286180,1630088290,2021-08-27 18:18:10,4670007751725283791,2.679240457790004575549326230036885,0.373240108812353084835383502344686,48403162445670171280820,2.711143080116835354764885580956064,2.679240457790004575549326230036885,2021-08-27 23:48:10
135,-6972.225574315019578401,2631,2631,0x3d00e44598629716ba39831dc3ddbffa9e7a43eb88cf02fa9f9c4910a058959d#1037,48447351837549240418541,-286162,1630152147,2021-08-28 12:02:27,4670007751725283791,2.674355154145312208552741275500419,0.3739219147651264349384201498000048,48447351837549240418541,2.674355154145312208552741275500419,2.674355154145312208552741275500419,2021-08-28 17:32:27
136,5202.141927451358619956,-1924.445157,1924.445157,0x98ed459e8446bac779e6c4d7be6bd1291668c685f3dafe7eead0008da5e3c210#1038,48414703015150340302846,-286176,1630174756,2021-08-28 18:19:16,4670007751725283791,2.677963313718054388951419041305505,0.3734181102771012781987213245975661,48414703015150340302846,2.677963313718054388951419041305505,2.677963313718054388951419041305505,2021-08-28 23:49:16
137,-1663.430931388264976836,627.566129,627.566129,0x1f46c5068ae08106c8ec030304f673535ed8279421373f72ee8252c7ef2226ec#1039,48425243404953730676402,-286171,1630246797,2021-08-29 14:19:57,4670007751725283791,2.676797652866110631415376715441916,0.3735807220726140135306260032667592,48425243404953730676402,2.676797652866110631415376715441916,2.676797652866110631415376715441916,2021-08-29 19:49:57
138,4321,-1597.205635,1597.205635,0x1f720fc91ff609b35d7aa4f0967a5973a013ae8ed484886ac8cf078f4f2039c7#1040,48398146304825623217464,-286182,1630307483,2021-08-30 07:11:23,4670007751725283791,2.679795856910541059138682751234168,0.3731627532079518192459376151859501,48398146304825623217464,2.679795856910541059138682751234168,2.679795856910541059138682751234168,2021-08-30 12:41:23
139,-216.211699549267341135,81.49943,81.49943,0x52bd8611b8c083f8deb0aad1abaaad245d3a7785a1925bbe1a5efecf530f320f#1041,48399515141852968614306,-286182,1630313635,2021-08-30 08:53:55,4670007751725283791,2.679644278866349018908641007940313,0.3731838617113239563859216580137232,48399515141852968614306,2.679644278866349018908641007940313,2.679644278866349018908641007940313,2021-08-30 14:23:55
140,-1603.905085501030479294,604.724345,604.724345,0x289f60a33f5f41f4498135924ecc098c9d79443337ab3cb0e4eb0b8bd844471d#1042,48409671888730759850095,-286178,1630319216,2021-08-30 10:26:56,4670007751725283791,2.676154720918758026953625459247665,0.3736704728554286478729892402530123,48431060009291277557833,2.678519974053618440487654788850752,2.676154720918758026953625459247665,2021-08-30 15:56:56
141,-3375.310224922546008698,1273.431084,1273.431084,0xffef46dd9627f9803895c8527cfc841a3aec32f2f01562e8d01023ca6e851f2a#1043,48431060009291277557833,-286169,1630319292,2021-08-30 10:28:12,4670007751725283791,2.676154720918758026953625459247665,0.3736704728554286478729892402530123,48431060009291277557833,2.678519974053618440487654788850752,2.676154720918758026953625459247665,2021-08-30 15:58:12
142,-26665.471705981201336432,10100,10100,0x5502edd0f0eab702e2a761e72dd9a79ee6fa23faa0ba582b0980b984428dcaf8#1044,48600696215288464289487,-286099,1630322167,2021-08-30 11:16:07,4670007751725283791,2.657505586481375320232519406677263,0.376292717910720497885178040560622,48600696215288464289487,2.657505586481375320232519406677263,2.657505586481375320232519406677263,2021-08-30 16:46:07
143,5814.94066447251767653,-2164.601798,2164.601798,0x5fba28ba68b3355f7cb65986a4f99230957a02768fe267c0d1eb2b61a5ce2b1d#1045,48563973059322126777507,-286114,1630327971,2021-08-30 12:52:51,4670007751725283791,2.661526216779554573666499199057186,0.3757242719216944303004857881318998,48563973059322126777507,2.661526216779554573666499199057186,2.661526216779554573666499199057186,2021-08-30 18:22:51
144,7101.252268229166666666,-2638.996558,2638.996558,0xa5600ede59b6fec074232b080a410374c15ed1b84bf0f14a61916a88f3bf604a#1046,48519201645801126499907,-286132,1630378399,2021-08-31 02:53:19,4670007751725283791,2.666440364777747244004745739940614,0.3750318264040200490305085903763382,48519201645801126499907,2.666440364777747244004745739940614,2.666440364777747244004745739940614,2021-08-31 08:23:19
145,6677,-2476.899583,2476.899583,0x9ad1df98e78bd486825c04ba9360a9fee3a8e068850c8f13d1f1bf1e8573cfe9#1047,48477180258865328906053,-286150,1630387034,2021-08-31 05:17:14,4670007751725283791,2.671065059724402275502006420164275,0.3743824944882394454191398148057705,48477180258865328906053,2.671065059724402275502006420164275,2.671065059724402275502006420164275,2021-08-31 10:47:14
146,-7282.213973673185655256,2756.502192,2756.502192,0xe849fd07b9f267e384ecc9f54e0ca32720c7431288d50a71889f399d5f66457c#1048,48523477543386130965003,-286131,1630400565,2021-08-31 09:02:45,4670007751725283791,2.665970451072231616429766291313213,0.375097930885846142535754075003139,48523477543386130965003,2.665970451072231616429766291313213,2.665970451072231616429766291313213,2021-08-31 14:32:45
147,-8625.997340038094298334,3271.977991,3271.977991,0xbc766a87e789f2ecf9fe929fbf0d841afd5d6cfb6173e76c18c3d7e2d5b500b5#1049,48578432586206340442291,-286108,1630404775,2021-08-31 10:12:55,4670007751725283791,2.659942028886624186343360633889927,0.3759480429047438519408975060613414,48578432586206340442291,2.659942028886624186343360633889927,2.659942028886624186343360633889927,2021-08-31 15:42:55
148,-10754.266060047412213756,4089.658617,4089.658617,0x7192854fa67678e8cd659e7f9cd8efd05ba715b999968c3a2c19fc1efd6b2029#1050,48647121118034990099851,-286080,1630425077,2021-08-31 15:51:17,4670007751725283791,2.647322687986336724094352663264366,0.377740123838337749150373541973702,48694077533831664871248,2.652435787231500529905849091897705,2.647322687986336724094352663264366,2021-08-31 21:21:17
149,-7334.302826112772272152,2795.746326,2795.746326,0xd1dd435f66f4fa7ac63bf3da6ac05b087805c29a0ca888c823d367a2907760a4#1051,48694077533831664871248,-286061,1630425307,2021-08-31 15:55:07,4670007751725283791,2.647322687986336724094352663264366,0.377740123838337749150373541973702,48694077533831664871248,2.652435787231500529905849091897705,2.647322687986336724094352663264366,2021-08-31 21:25:07
150,-4455.967185328069609818,1701.197237,1701.197237,0xe4df159c0013c170e151bba32f35ac4781931792a316e031513ad7fdf5814a5a#1052,48722650270943509087560,-286049,1630428070,2021-08-31 16:41:10,4670007751725283791,2.640892106938522596678351794757376,0.378659922293932255962703758483259,48753326608064684361697,2.644218625485644066422149474816558,2.640892106938522596678351794757376,2021-08-31 22:11:10
151,-4778.213256498552504913,1826.443849,1826.443849,0x4a5b9491326d46cba9c939482ead2d65f0de77e91eb2c4c65771c1a33d77bd49#1053,48753326608064684361697,-286036,1630428748,2021-08-31 16:52:28,4670007751725283791,2.640892106938522596678351794757376,0.378659922293932255962703758483259,48753326608064684361697,2.644218625485644066422149474816558,2.640892106938522596678351794757376,2021-08-31 22:22:28
152,-7829.207931854117958238,2997.857788,2997.857788,0xd8ac7d2eadd6724b8960df428779b9896cb1f98b898e23c5f44443294cd9bb9c#1056,48807134106504592669262,-286014,1630449418,2021-08-31 22:36:58,4370015763419815905,2.635072405722461730418020268351429,0.3794962133975322431345990164287001,48807134106504592669262,2.635072405722461730418020268351429,2.635072405722461730418020268351429,2021-09-01 04:06:58
153,-4283.050393549959901329,1642.811488,1642.811488,0x3c845c9ee1e04ee0692bf6f8c95ebe43b73e2d6761725c625e9b5d0f5ab96a35#1057,48836620353960529500016,-286002,1630460179,2021-09-01 01:36:19,4370015763419815905,2.631891393590677783557327654370866,0.3799548881216197999977840330301344,48836620353960529500016,2.631891393590677783557327654370866,2.631891393590677783557327654370866,2021-09-01 07:06:19
154,-9622.970112838381240174,3698.24662,3698.24662,0xa7b64d6692c7ee221881b2e49110bfe098cc801369af2f02c380e8535a2d1bcb#1058,48902998885990018567765,-285975,1630475651,2021-09-01 05:54:11,4370015763419815905,2.624751442021195039021791666554564,0.380988456274529378771709683933575,48902998885990018567765,2.624751442021195039021791666554564,2.624751442021195039021791666554564,2021-09-01 11:24:11
155,-4596.935695331766237788,1770.219529,1770.219529,0x02d22dde270155f06d89048be1a486d8a86e912e746c771d19d950a9fe23e7a7#1059,48934771935696212563422,-285962,1630502135,2021-09-01 13:15:35,4370015763419815905,2.597677324937149051511169119867319,0.3849592828178515420712162800195108,49157182407346620054580,2.621344078285267275000457762215555,2.597677324937149051511169119867319,2021-09-01 18:45:35
156,-4587.172749204691965074,1768.75439,1768.75439,0x50fc78a1f1f3b05291194af6bef570475070142c1ffae693d6c3e329336e8ed2#1060,48966518688147206066172,-285949,1630503288,2021-09-01 13:34:48,4370015763419815905,2.597677324937149051511169119867319,0.3849592828178515420712162800195108,49157182407346620054580,2.621344078285267275000457762215555,2.597677324937149051511169119867319,2021-09-01 19:04:48
157,-4584.474858870414661313,1770.008564,1770.008564,0x5738e5e340a4533424e84bbbae6adbee43976d164c719a9887167e8e005971f4#1061,48998287951322921057918,-285936,1630503826,2021-09-01 13:43:46,4370015763419815905,2.597677324937149051511169119867319,0.3849592828178515420712162800195108,49157182407346620054580,2.621344078285267275000457762215555,2.597677324937149051511169119867319,2021-09-01 19:13:46
158,-4578.407783849558184384,1769.959819,1769.959819,0xd4cc34c642b6ab8e401dcc04d10056dbd33e7db5e74b56e55aa797dfd7587c37#1062,49030056339583561688165,-285923,1630503958,2021-09-01 13:45:58,4370015763419815905,2.597677324937149051511169119867319,0.3849592828178515420712162800195108,49157182407346620054580,2.621344078285267275000457762215555,2.597677324937149051511169119867319,2021-09-01 19:15:58
159,-9142.20367019460047643,3541.146843,3541.146843,0x5478fbb995352584c98442e89b7c7ee960fbeee6fbd83ea58fa0098a42917765#1063,49093615142796188514425,-285897,1630504151,2021-09-01 13:49:11,4370015763419815905,2.597677324937149051511169119867319,0.3849592828178515420712162800195108,49157182407346620054580,2.621344078285267275000457762215555,2.597677324937149051511169119867319,2021-09-01 19:19:11
160,-9119.774809892669016721,3541.618262,3541.618262,0x9430ffbef06991915f4cc982d957361d6be600dd15de9c8e0dff9dd1956ba5e0#1064,49157182407346620054580,-285871,1630504280,2021-09-01 13:51:20,4370015763419815905,2.597677324937149051511169119867319,0.3849592828178515420712162800195108,49157182407346620054580,2.621344078285267275000457762215555,2.597677324937149051511169119867319,2021-09-01 19:21:20
161,-8989.463872669969719952,3500,3500,0x6bf037c04fbc965d3139f140bd91917293ffdcee5b398c398bbc2f0f18a5ec2c#1065,49220002680309913020169,-285846,1630507363,2021-09-01 14:42:43,4370015763419815905,2.591050642662143550161903413542124,0.3859438266218379009504307950822939,49220002680309913020169,2.591050642662143550161903413542124,2.591050642662143550161903413542124,2021-09-01 20:12:43
162,-12263.60002624691976011,4789.218941,4789.218941,0x5bb457f9c0b948d3174371117beb8d099bf7f404a8f66836e7ef43e2e5a9ea15#1066,49305962692057671455609,-285811,1630529666,2021-09-01 20:54:26,4370015763419815905,2.582024043012206856881420307966284,0.3872930628614105314163737409263183,49305962692057671455609,2.582024043012206856881420307966284,2.582024043012206856881420307966284,2021-09-02 02:24:26
163,-5695.575323880377554685,2229.946905,2229.946905,0x35fd77cf9a186a7ae1880f401f9bd85dde8d3c925435b1bb9432731e85417ae3#1067,49345987227259233811925,-285795,1630534758,2021-09-01 22:19:18,4370015763419815905,2.577837181761095899207206122490871,0.387922094954357043358344837603679,49345987227259233811925,2.577837181761095899207206122490871,2.577837181761095899207206122490871,2021-09-02 03:49:18
164,-3576.619828957165436387,1402.179271,1402.179271,0x52590e8beb8fe08beb86180edc7de9d64940b2208a40a99a851d59fd79639258#1068,49371154451410459309670,-285784,1630628621,2021-09-03 00:23:41,4370015763419815905,2.575209717558983226494548967818159,0.3883178885127423638769986515952036,49371154451410459309670,2.575209717558983226494548967818159,2.575209717558983226494548967818159,2021-09-03 05:53:41
165,-6621.065290114190204811,2599.502886,2599.502886,0x5dc59dc1957366bb8e749b7e9959a592ba4583663e1f33b56278d7b64da07b18#1069,49417812017370031927141,-285765,1630685429,2021-09-03 16:10:29,4370015763419815905,2.570349271843721209123040066314512,0.3890521848350579356726669720783258,49417812017370031927141,2.570349271843721209123040066314512,2.570349271843721209123040066314512,2021-09-03 21:40:29
166,-3446.532426921567716455,1355.091834,1355.091834,0x5ade3eeb7f152e90fc09fc4649f803b7d55bbfbdde2a1ead523e1ea48c064abc#1070,49442134085615840240696,-285756,1630697977,2021-09-03 19:39:37,4370015763419815905,2.567821030101650954104967630133537,0.3894352403369846753913562784375321,49442134085615840240696,2.567821030101650954104967630133537,2.567821030101650954104967630133537,2021-09-04 01:09:37
167,9234.180441826622114731,-3555.512498,3555.512498,0x9b82b3a9b6b280fa776be18bf26e398b594f0fed5d70b33bff84823018993b14#1071,49377672825682138052668,-285782,1630742057,2021-09-04 07:54:17,4370015763419815905,2.574529852679574955765872836892547,0.3884204329420372949184408325956088,49377672825682138052668,2.574529852679574955765872836892547,2.574529852679574955765872836892547,2021-09-04 13:24:17
168,4761.924702619115802426,-1829.902258,1829.902258,0xb4f7ef056d20c9dd87fd9a98cd54a072e7d49c3d8d1780a834a0cf7c8288ba8a#1072,49344496791227443125155,-285795,1630752829,2021-09-04 10:53:49,4370015763419815905,2.577992909742711145515734911223511,0.3878986618701763622649206405117199,49344496791227443125155,2.577992909742711145515734911223511,2.577992909742711145515734911223511,2021-09-04 16:23:49
169,4726.726593313303984469,-1813.946259,1813.946259,0x4a36f881bba88b7da1d548837e1fca3f59108bf763b434864b9617942e97e5d7#1073,49311610038218824003287,-285808,1630759358,2021-09-04 12:42:38,4370015763419815905,2.581432671179576213206711692663418,0.387381786542220238951758963026608,49311610038218824003287,2.581432671179576213206711692663418,2.581432671179576213206711692663418,2021-09-04 18:12:38
170,-13065.462862980801485502,5121.978048,5121.978048,0xb23500ea66a05e1eb9d4248bd7b662469aa946f51a682afe07daf218729910c6#1074,49403542626520069138296,-285771,1630869274,2021-09-05 19:14:34,4370015763419815905,2.571834291469725968975383292517198,0.3888275396734562037000895929586596,49403542626520069138296,2.571834291469725968975383292517198,2.571834291469725968975383292517198,2021-09-06 00:44:34
171,-2522.548162535805333339,991.100373,991.100373,0x2dc9648150c8bcd84c2cb4072e1c720d6cdaaeb1ee59dd3bc7cbb6712ce45a62#1075,49421331539648283044520,-285764,1630875539,2021-09-05 20:58:59,4370015763419815905,2.569983191888964246170756064440155,0.3891076031765755050274279666870591,49421331539648283044520,2.569983191888964246170756064440155,2.569983191888964246170756064440155,2021-09-06 02:28:59
172,36240.481511562969224488,-13889.301022,13889.301022,0x8d8ae627baf52f8544ae17949ae3723259e35bf5e574094d462138ad23be90d7#1076,49169519221746599175509,-285866,1630879442,2021-09-05 22:04:02,4370015763419815905,2.59637395475283228865954015969492,0.3851525309632052866572377264164162,49169519221746599175509,2.59637395475283228865954015969492,2.59637395475283228865954015969492,2021-09-06 03:34:02
173,-1148.785917494015478848,447,447,0x905d460890e31c65061a8b5e4bcc32223efcfb6d88ac1b2859daf0771e109f7e#1077,49177542268036482591400,-285863,1630905509,2021-09-06 05:18:29,4370015763419815905,2.595526855518242602990666577894816,0.3852782327695593832620389552585014,49177542268036482591400,2.595526855518242602990666577894816,2.595526855518242602990666577894816,2021-09-06 10:48:29
174,3664.017193998611062748,-1396.829727,1396.829727,0x459181f1be91d5a210a8f533a59063b6944113247f6360bd8a7c92cc8e88c040#1078,49152217816453124471872,-285873,1630942594,2021-09-06 15:36:34,4370015763419815905,2.598202105183554208215251841188011,0.3848815294256538890801949171924157,49152217816453124471872,2.598202105183554208215251841188011,2.598202105183554208215251841188011,2021-09-06 21:06:34
175,24190.203984375,-9186.028284,9186.028284,0x44c7dfac9231eb1388ebda9c86721fc679490044ab77cf6fd96349aa528fb531#1079,48985675592988102973533,-285941,1630986438,2021-09-07 03:47:18,4370015763419815905,2.615898948919651127368247682617019,0.3822777636013017058395370427724379,48985675592988102973533,2.615898948919651127368247682617019,2.615898948919651127368247682617019,2021-09-07 09:17:18
176,8073.632706852365636869,-3052.055091,3052.055091,0xffbba6e91de59bae2d71b5e52e557fa93bf215a5821b0039c0c5428a575a8851#1080,48930341990126449885003,-285964,1631004454,2021-09-07 08:47:34,4370015763419815905,2.621818750514535799406089735446306,0.3814146190707303943383853431064704,48930341990126449885003,2.621818750514535799406089735446306,2.621818750514535799406089735446306,2021-09-07 14:17:34
177,38923.490378571606159921,-14617.92192,14617.92192,0x12cdba63c2a15779d175aa0e0f764de989a4d53f89c312ed50cd792ffd1c8cd8#1081,48665319812587906547114,-286072,1631027823,2021-09-07 15:17:03,4370015763419815905,2.650452368924363732164758253526023,0.377294084483333386938006781876493,48665319812587906547114,2.650452368924363732164758253526023,2.650452368924363732164758253526023,2021-09-07 20:47:03
178,90000,-33201.100351,33201.100351,0xbfb710b0ede6c8c1e415357e691e2f0e1eca09078aff0656494ebadae2dd0b91#1082,48063385559559295405934,-286321,1631050905,2021-09-07 21:41:45,4370015763419815905,2.717255330828185423692882735948427,0.3680184149993782560901101509584074,48063385559559295405934,2.717255330828185423692882735948427,2.717255330828185423692882735948427,2021-09-08 03:11:45
179,-400,148.702567,148.702567,0xa172bb42b8a40b4ce41e4c2670a0f79bed5aede50802cf87a243afcc7a26b17e#1083,48066054569788336227534,-286320,1631081314,2021-09-08 06:08:34,4370015763419815905,2.716953571884881704492550125406354,0.3680592890316678396295427910119006,48066054569788336227534,2.716953571884881704492550125406354,2.716953571884881704492550125406354,2021-09-08 11:38:34
180,-505,187.760579,187.760579,0x637d367767a0594b39f68d2d442f8cbd565810e9b0a2cd3475dd06c152fd2832#1084,48069424618588546538736,-286319,1631100860,2021-09-08 11:34:20,4370015763419815905,2.71657262515068281158251393325343,0.3681109022235442773332004950100549,48069424618588546538736,2.71657262515068281158251393325343,2.71657262515068281158251393325343,2021-09-08 17:04:20
181,7128.583893087166322939,-2595.325411,2595.325411,0x6456c9c8a5d5909663d80581f9eddffaacc8dc28239805a80c2743f1f455919f#1085,48022371501488987513877,-286338,1631105641,2021-09-08 12:54:01,4370015763419815905,2.721898719114558812503331257518133,0.3673905986940258996788647481613199,48022371501488987513877,2.721898719114558812503331257518133,2.721898719114558812503331257518133,2021-09-08 18:24:01
